{
  "nodeId": "cn62169",
  "capacityMeshNode": {
    "capacityMeshNodeId": "cn62169",
    "center": {
      "x": -68.76696459921865,
      "y": 12.726369721093743
    },
    "width": 4.862056726562499,
    "height": 4.862056726562499,
    "layer": "top",
    "availableZ": [0, 1],
    "_depth": 6,
    "_parent": {
      "capacityMeshNodeId": "cn60831",
      "center": {
        "x": -66.33593623593741,
        "y": 10.295341357812493
      },
      "width": 9.724113453124998,
      "height": 9.724113453124998,
      "layer": "top",
      "availableZ": [0, 1],
      "_depth": 5,
      "_parent": {
        "capacityMeshNodeId": "cn58569",
        "center": {
          "x": -61.47387950937491,
          "y": 15.157398084374991
        },
        "width": 19.448226906249996,
        "height": 19.448226906249996,
        "layer": "top",
        "availableZ": [0, 1],
        "_depth": 4,
        "_parent": {
          "capacityMeshNodeId": "cn49320",
          "center": {
            "x": -51.74976605624991,
            "y": 5.433284631249993
          },
          "width": 38.89645381249999,
          "height": 38.89645381249999,
          "layer": "top",
          "availableZ": [0, 1],
          "_depth": 3,
          "_parent": {
            "capacityMeshNodeId": "cn49316",
            "center": {
              "x": -71.19799296249991,
              "y": 24.88151153749999
            },
            "width": 77.79290762499998,
            "height": 77.79290762499998,
            "layer": "top",
            "availableZ": [0, 1],
            "_depth": 2,
            "_parent": {
              "capacityMeshNodeId": "cn3",
              "center": {
                "x": -110.0944467749999,
                "y": 63.77796534999998
              },
              "width": 155.58581524999997,
              "height": 155.58581524999997,
              "layer": "top",
              "availableZ": [0, 1],
              "_depth": 1,
              "_parent": {
                "capacityMeshNodeId": "cn0",
                "center": {
                  "x": -32.30153914999991,
                  "y": -14.014942275000003
                },
                "width": 311.17163049999994,
                "height": 311.17163049999994,
                "layer": "top",
                "availableZ": [0, 1],
                "_depth": 0,
                "_containsTarget": true,
                "_containsObstacle": true,
                "_completelyInsideObstacle": false
              },
              "_containsObstacle": true,
              "_targetConnectionName": "source_net_18_mst5",
              "_containsTarget": true,
              "_completelyInsideObstacle": false
            },
            "_containsObstacle": true,
            "_targetConnectionName": "source_net_15_mst0",
            "_containsTarget": true,
            "_completelyInsideObstacle": false
          },
          "_containsObstacle": true,
          "_targetConnectionName": "source_net_15_mst0",
          "_containsTarget": true,
          "_completelyInsideObstacle": false
        },
        "_containsObstacle": true,
        "_targetConnectionName": "source_net_5_mst0",
        "_containsTarget": true,
        "_completelyInsideObstacle": false
      },
      "_containsObstacle": true,
      "_targetConnectionName": "source_net_5_mst0",
      "_containsTarget": true,
      "_completelyInsideObstacle": false
    },
    "_containsObstacle": false
  },
  "nodeWithPortPoints": {
    "capacityMeshNodeId": "cn62169",
    "portPoints": [
      {
        "x": -70.9954072655598,
        "y": 10.295341357812493,
        "z": 0,
        "connectionName": "source_net_9_mst3"
      },
      {
        "x": -71.19799296249991,
        "y": 11.510855539453118,
        "z": 0,
        "connectionName": "source_net_6_mst4"
      },
      {
        "x": -70.9954072655598,
        "y": 10.295341357812493,
        "z": 1,
        "connectionName": "source_net_5_mst1"
      },
      {
        "x": -71.19799296249991,
        "y": 14.54964099355468,
        "z": 1,
        "connectionName": "source_net_0_mst4"
      },
      {
        "x": -66.33593623593741,
        "y": 13.941883902734368,
        "z": 1,
        "connectionName": "source_net_0_mst4"
      },
      {
        "x": -69.98247878085928,
        "y": 15.157398084374991,
        "z": 1,
        "connectionName": "source_net_5_mst1"
      },
      {
        "x": -68.76696459921865,
        "y": 15.157398084374991,
        "z": 0,
        "connectionName": "source_net_6_mst4"
      },
      {
        "x": -67.55145041757802,
        "y": 15.157398084374991,
        "z": 0,
        "connectionName": "source_net_9_mst3"
      }
    ],
    "center": {
      "x": -68.76696459921865,
      "y": 12.726369721093743
    },
    "width": 4.862056726562499,
    "height": 4.862056726562499
  }
}
