{
  "nodeId": "cn73176",
  "capacityMeshNode": {
    "capacityMeshNodeId": "cn73176",
    "center": {
      "x": -83.96089186972652,
      "y": -2.467557549414064
    },
    "width": 1.2155141816406252,
    "height": 1.2155141816406252,
    "layer": "top",
    "availableZ": [0, 1],
    "_depth": 8,
    "_parent": {
      "capacityMeshNodeId": "cn73113",
      "center": {
        "x": -84.56864896054684,
        "y": -3.0753146402343763
      },
      "width": 2.4310283632812504,
      "height": 2.4310283632812504,
      "layer": "top",
      "availableZ": [0, 1],
      "_depth": 7,
      "_parent": {
        "capacityMeshNodeId": "cn72880",
        "center": {
          "x": -83.35313477890621,
          "y": -1.8598004585937509
        },
        "width": 4.862056726562501,
        "height": 4.862056726562501,
        "layer": "top",
        "availableZ": [0, 1],
        "_depth": 6,
        "_parent": {
          "capacityMeshNodeId": "cn72877",
          "center": {
            "x": -85.78416314218747,
            "y": 0.5712279046874995
          },
          "width": 9.724113453125002,
          "height": 9.724113453125002,
          "layer": "top",
          "availableZ": [0, 1],
          "_depth": 5,
          "_parent": {
            "capacityMeshNodeId": "cn68262",
            "center": {
              "x": -80.92210641562497,
              "y": -4.290828821875001
            },
            "width": 19.448226906250003,
            "height": 19.448226906250003,
            "layer": "top",
            "availableZ": [0, 1],
            "_depth": 4,
            "_parent": {
              "capacityMeshNodeId": "cn50081",
              "center": {
                "x": -90.64621986874997,
                "y": 5.43328463125
              },
              "width": 38.896453812500006,
              "height": 38.896453812500006,
              "layer": "top",
              "availableZ": [0, 1],
              "_depth": 3,
              "_parent": {
                "capacityMeshNodeId": "cn50078",
                "center": {
                  "x": -71.19799296249997,
                  "y": 24.881511537500003
                },
                "width": 77.79290762500001,
                "height": 77.79290762500001,
                "layer": "top",
                "availableZ": [0, 1],
                "_depth": 2,
                "_parent": {
                  "capacityMeshNodeId": "cn3",
                  "center": {
                    "x": -110.09444677499998,
                    "y": 63.77796535000001
                  },
                  "width": 155.58581525000002,
                  "height": 155.58581525000002,
                  "layer": "top",
                  "availableZ": [0, 1],
                  "_depth": 1,
                  "_parent": {
                    "capacityMeshNodeId": "cn0",
                    "center": {
                      "x": -32.30153914999997,
                      "y": -14.014942275000003
                    },
                    "width": 311.17163050000005,
                    "height": 311.17163050000005,
                    "layer": "top",
                    "availableZ": [0, 1],
                    "_depth": 0,
                    "_containsTarget": true,
                    "_containsObstacle": true,
                    "_completelyInsideObstacle": false
                  },
                  "_containsObstacle": true,
                  "_targetConnectionName": "source_net_18_mst5",
                  "_containsTarget": true,
                  "_completelyInsideObstacle": false
                },
                "_containsObstacle": true,
                "_targetConnectionName": "source_net_15_mst0",
                "_containsTarget": true,
                "_completelyInsideObstacle": false
              },
              "_containsObstacle": true,
              "_targetConnectionName": "source_net_15_mst3",
              "_containsTarget": true,
              "_completelyInsideObstacle": false
            },
            "_containsObstacle": true,
            "_targetConnectionName": "source_net_4_mst0",
            "_containsTarget": true,
            "_completelyInsideObstacle": false
          },
          "_containsObstacle": true,
          "_targetConnectionName": "source_trace_51",
          "_containsTarget": true,
          "_completelyInsideObstacle": false
        },
        "_containsObstacle": true,
        "_targetConnectionName": "source_trace_51",
        "_containsTarget": true,
        "_completelyInsideObstacle": false
      },
      "_containsObstacle": true,
      "_targetConnectionName": "source_trace_51",
      "_containsTarget": true,
      "_completelyInsideObstacle": false
    },
    "_containsObstacle": false
  },
  "nodeWithPortPoints": {
    "capacityMeshNodeId": "cn73176",
    "portPoints": [
      {
        "x": -84.56864896054684,
        "y": -2.467557549414064,
        "z": 1,
        "connectionName": "source_net_15_mst3"
      },
      {
        "x": -83.50507405161129,
        "y": -3.0753146402343763,
        "z": 1,
        "connectionName": "source_net_15_mst3"
      },
      {
        "x": -84.1128311424316,
        "y": -3.0753146402343763,
        "z": 1,
        "connectionName": "source_trace_51"
      },
      {
        "x": -83.35313477890621,
        "y": -2.467557549414064,
        "z": 1,
        "connectionName": "source_trace_51"
      }
    ],
    "center": {
      "x": -83.96089186972652,
      "y": -2.467557549414064
    },
    "width": 1.2155141816406252,
    "height": 1.2155141816406252
  }
}
