{
  "nodeId": "cn90168",
  "capacityMeshNode": {
    "capacityMeshNodeId": "cn90168",
    "center": {
      "x": -122.85734568222645,
      "y": -2.4675575494140674
    },
    "width": 1.2155141816406247,
    "height": 1.2155141816406247,
    "layer": "top",
    "availableZ": [0, 1],
    "_depth": 8,
    "_parent": {
      "capacityMeshNodeId": "cn90093",
      "center": {
        "x": -123.46510277304677,
        "y": -3.07531464023438
      },
      "width": 2.4310283632812495,
      "height": 2.4310283632812495,
      "layer": "top",
      "availableZ": [0, 1],
      "_depth": 7,
      "_parent": {
        "capacityMeshNodeId": "cn89882",
        "center": {
          "x": -122.24958859140614,
          "y": -1.8598004585937553
        },
        "width": 4.862056726562499,
        "height": 4.862056726562499,
        "layer": "top",
        "availableZ": [0, 1],
        "_depth": 6,
        "_parent": {
          "capacityMeshNodeId": "cn89879",
          "center": {
            "x": -124.68061695468738,
            "y": 0.5712279046874942
          },
          "width": 9.724113453124998,
          "height": 9.724113453124998,
          "layer": "top",
          "availableZ": [0, 1],
          "_depth": 5,
          "_parent": {
            "capacityMeshNodeId": "cn85790",
            "center": {
              "x": -119.81856022812488,
              "y": -4.290828821875005
            },
            "width": 19.448226906249996,
            "height": 19.448226906249996,
            "layer": "top",
            "availableZ": [0, 1],
            "_depth": 4,
            "_parent": {
              "capacityMeshNodeId": "cn76550",
              "center": {
                "x": -129.54267368124988,
                "y": 5.433284631249993
              },
              "width": 38.89645381249999,
              "height": 38.89645381249999,
              "layer": "top",
              "availableZ": [0, 1],
              "_depth": 3,
              "_parent": {
                "capacityMeshNodeId": "cn49315",
                "center": {
                  "x": -148.99090058749988,
                  "y": 24.88151153749999
                },
                "width": 77.79290762499998,
                "height": 77.79290762499998,
                "layer": "top",
                "availableZ": [0, 1],
                "_depth": 2,
                "_parent": {
                  "capacityMeshNodeId": "cn3",
                  "center": {
                    "x": -110.0944467749999,
                    "y": 63.77796534999998
                  },
                  "width": 155.58581524999997,
                  "height": 155.58581524999997,
                  "layer": "top",
                  "availableZ": [0, 1],
                  "_depth": 1,
                  "_parent": {
                    "capacityMeshNodeId": "cn0",
                    "center": {
                      "x": -32.30153914999991,
                      "y": -14.014942275000003
                    },
                    "width": 311.17163049999994,
                    "height": 311.17163049999994,
                    "layer": "top",
                    "availableZ": [0, 1],
                    "_depth": 0,
                    "_containsTarget": true,
                    "_containsObstacle": true,
                    "_completelyInsideObstacle": false
                  },
                  "_containsObstacle": true,
                  "_targetConnectionName": "source_net_18_mst5",
                  "_containsTarget": true,
                  "_completelyInsideObstacle": false
                },
                "_containsObstacle": true,
                "_targetConnectionName": "source_net_18_mst5",
                "_containsTarget": true,
                "_completelyInsideObstacle": false
              },
              "_containsObstacle": true,
              "_targetConnectionName": "source_net_15_mst5",
              "_containsTarget": true,
              "_completelyInsideObstacle": false
            },
            "_containsObstacle": true,
            "_targetConnectionName": "source_net_2_mst0",
            "_containsTarget": true,
            "_completelyInsideObstacle": false
          },
          "_containsObstacle": true,
          "_targetConnectionName": "source_net_15_mst5",
          "_containsTarget": true,
          "_completelyInsideObstacle": false
        },
        "_containsObstacle": true,
        "_targetConnectionName": "source_net_15_mst5",
        "_containsTarget": true,
        "_completelyInsideObstacle": false
      },
      "_containsObstacle": true,
      "_targetConnectionName": "source_trace_45",
      "_containsTarget": true,
      "_completelyInsideObstacle": false
    },
    "_containsObstacle": false
  },
  "nodeWithPortPoints": {
    "capacityMeshNodeId": "cn90168",
    "portPoints": [
      {
        "x": -123.46510277304677,
        "y": -2.4675575494140674,
        "z": 0,
        "connectionName": "source_net_15_mst12"
      },
      {
        "x": -122.40152786411122,
        "y": -3.07531464023438,
        "z": 1,
        "connectionName": "source_net_15_mst12"
      },
      {
        "x": -123.00928495493153,
        "y": -3.07531464023438,
        "z": 1,
        "connectionName": "source_trace_45"
      },
      {
        "x": -122.85734568222645,
        "y": -1.859800458593755,
        "z": 1,
        "connectionName": "source_trace_45"
      }
    ],
    "center": {
      "x": -122.85734568222645,
      "y": -2.4675575494140674
    },
    "width": 1.2155141816406247,
    "height": 1.2155141816406247
  }
}
